id,word,pronunciation,chinese_meaning,example_1_en,example_1_zh,example_2_en,example_2_zh,category,difficulty,review_count,last_review_date
1,table,/ˈteɪ.bəl/,桌位；桌子,Could we have a table for five?,我們可以要五人桌嗎？,This table is close to the entrance.,這張桌子靠近入口。,Food,easy,0,
2,menu,/ˈmen.juː/,菜單,"May I see the menu, please?",可以給我看菜單嗎？,Does the menu have pictures?,菜單有圖片嗎？,Food,easy,0,
3,order,/ˈɔːr.dɚ/,點餐；訂購,We are ready to order.,我們準備好點餐了。,I would like to order chicken rice.,我想點海南雞飯。,Food,easy,0,
4,dish,/dɪʃ/,菜色；一道菜,Which dish do you recommend?,你推薦哪一道菜？,This dish is good for sharing.,這道菜適合分著吃。,Food,easy,0,
5,meal,/miːl/,餐點；一餐,This meal is for my child.,這份餐是給我的小孩。,We need a quick meal before the show.,表演前我們需要快速吃一餐。,Food,easy,0,
6,set meal,/ˈset miːl/,套餐,Do you have a kids’ set meal?,你們有兒童套餐嗎？,The set meal comes with a drink.,這份套餐附一杯飲料。,Food,medium,0,
7,kids’ meal,/ˈkɪdz miːl/,兒童餐,We would like two kids’ meals.,我們想要兩份兒童餐。,Does the kids’ meal include fries?,兒童餐有包含薯條嗎？,Food,medium,0,
8,portion,/ˈpɔːr.ʃən/,份量,Is the portion big enough to share?,這份量夠分著吃嗎？,The portion is too large for one child.,這份量對一個小孩來說太多了。,Food,medium,0,
9,share,/ʃer/,分享；分食,We will share this dish.,我們會分食這道菜。,Can we have extra plates to share?,我們可以多拿幾個盤子分食嗎？,Food,easy,0,
10,spicy,/ˈspaɪ.si/,辣的,Is this spicy?,這個會辣嗎？,My kids cannot eat spicy food.,我的小孩不能吃辣。,Food,easy,0,
11,mild,/maɪld/,不太辣的；溫和的,Please make it mild for the kids.,請幫小孩做不太辣。,I prefer mild curry.,我比較喜歡不太辣的咖哩。,Food,medium,0,
12,less spicy,/les ˈspaɪ.si/,少辣,Can you make it less spicy?,可以做少辣嗎？,Please make the noodles less spicy.,請把麵做少辣一點。,Food,easy,0,
13,not spicy,/nɑːt ˈspaɪ.si/,不辣,Please make it not spicy.,請做成不辣。,Is there a not spicy option?,有不辣的選項嗎？,Food,easy,0,
14,sauce,/sɔːs/,醬料,Please put the sauce on the side.,請把醬料另外放。,Does this sauce contain peanuts?,這個醬有花生嗎？,Food,easy,0,
15,soup,/suːp/,湯,Is the soup hot?,這個湯燙嗎？,Could we have one bowl of soup?,可以給我們一碗湯嗎？,Food,easy,0,
16,rice,/raɪs/,飯；米飯,My child would like chicken rice.,我的小孩想吃雞飯。,Can we have extra rice?,可以多給我們一點飯嗎？,Food,easy,0,
17,noodles,/ˈnuː.dəlz/,麵,Do you have fishball noodles?,你們有魚丸麵嗎？,The noodles are for my son.,這碗麵是給我兒子的。,Food,easy,0,
18,fried rice,/fraɪd raɪs/,炒飯,"One fried rice, please.",請給我一份炒飯。,Can you make the fried rice without chili?,炒飯可以不要加辣椒嗎？,Food,easy,0,
19,chicken rice,/ˈtʃɪk.ɪn raɪs/,海南雞飯,Is the chicken rice boneless?,海南雞飯有去骨嗎？,We would like three plates of chicken rice.,我們想要三盤海南雞飯。,Food,easy,0,
20,fishball noodles,/ˈfɪʃ.bɔːl ˈnuː.dəlz/,魚丸麵,My kids like fishball noodles.,我的小孩喜歡魚丸麵。,Is the fishball noodles soup or dry?,魚丸麵是湯的還是乾的？,Food,medium,0,
21,wonton noodles,/ˈwɑːn.tɑːn ˈnuː.dəlz/,雲吞麵,We would like one wonton noodles.,我們想要一份雲吞麵。,Please make the wonton noodles less salty.,雲吞麵請做淡一點。,Food,medium,0,
22,laksa,/ˈlɑːk.sə/,叻沙,Is the laksa very spicy?,叻沙會很辣嗎？,"I would like to try laksa, but not too spicy.",我想試試叻沙，但不要太辣。,Food,hard,0,
23,satay,/ˈsɑː.teɪ/,沙嗲,Does the satay sauce contain peanuts?,沙嗲醬有花生嗎？,We would like ten sticks of chicken satay.,我們想要十串雞肉沙嗲。,Food,medium,0,
24,bak kut teh,/ˌbɑː kuːt ˈteɪ/,肉骨茶,Is the bak kut teh peppery?,肉骨茶胡椒味重嗎？,Can we have more soup for the bak kut teh?,肉骨茶可以加湯嗎？,Food,hard,0,
25,kaya toast,/ˈkaɪ.ə toʊst/,咖椰吐司,We would like kaya toast for breakfast.,我們早餐想吃咖椰吐司。,Does the kaya toast come with eggs?,咖椰吐司有附蛋嗎？,Food,medium,0,
26,roti prata,/ˈroʊ.ti ˈprɑː.tə/,印度煎餅,Can we have roti prata without curry?,可以不要咖哩醬嗎？,My child wants plain roti prata.,我的小孩想要原味印度煎餅。,Food,hard,0,
27,dim sum,/ˌdɪm ˈsʌm/,點心,Do you serve dim sum?,你們有賣點心嗎？,We would like some dim sum to share.,我們想點一些點心分食。,Food,medium,0,
28,dumpling,/ˈdʌmp.lɪŋ/,餃子；水餃,My child would like a dumpling.,我的小孩想吃一顆餃子。,Are the dumplings steamed or fried?,這些餃子是蒸的還是煎的？,Food,medium,0,
29,seafood,/ˈsiː.fuːd/,海鮮,Does this dish have seafood?,這道菜有海鮮嗎？,We need a non-seafood option.,我們需要非海鮮的選項。,Food,medium,0,
30,shrimp,/ʃrɪmp/,蝦子,My child is allergic to shrimp.,我的小孩對蝦子過敏。,Please remove the shrimp from this dish.,請把這道菜裡的蝦子拿掉。,Food,medium,0,
31,crab,/kræb/,螃蟹,Is the crab spicy?,螃蟹會辣嗎？,We would like to try chilli crab.,我們想試試辣椒螃蟹。,Food,medium,0,
32,chicken,/ˈtʃɪk.ɪn/,雞肉,"We would like chicken, not beef.",我們想要雞肉，不要牛肉。,Is the chicken steamed or fried?,雞肉是蒸的還是炸的？,Food,easy,0,
33,pork,/pɔːrk/,豬肉,Does this soup contain pork?,這個湯有豬肉嗎？,We do not want pork in this dish.,這道菜我們不要豬肉。,Food,medium,0,
34,beef,/biːf/,牛肉,My child does not eat beef.,我的小孩不吃牛肉。,Does this noodle soup have beef?,這碗湯麵有牛肉嗎？,Food,easy,0,
35,egg,/eɡ/,蛋,Does this dish contain egg?,這道菜有蛋嗎？,Can we add an egg?,可以加一顆蛋嗎？,Food,easy,0,
36,peanut,/ˈpiː.nʌt/,花生,Please make sure there are no peanuts.,請確認沒有花生。,My child has a peanut allergy.,我的小孩對花生過敏。,Food,medium,0,
37,allergy,/ˈæl.ɚ.dʒi/,過敏,My child has a food allergy.,我的小孩有食物過敏。,Is this safe for someone with an allergy?,這個對有過敏的人安全嗎？,Food,hard,0,
38,vegetarian,/ˌvedʒ.əˈter.i.ən/,素食的；素食者,Do you have vegetarian food?,你們有素食嗎？,My wife would like a vegetarian meal.,我太太想要一份素食餐。,Food,hard,0,
39,halal,/həˈlɑːl/,清真的,Is this restaurant halal?,這間餐廳是清真的嗎？,We are looking for halal food near the zoo.,我們在動物園附近找清真食物。,Food,hard,0,
40,water,/ˈwɑː.t̬ɚ/,水,Could we have some water?,可以給我們一些水嗎？,Do you sell bottled water?,你們有賣瓶裝水嗎？,Food,easy,0,
41,warm water,/wɔːrm ˈwɑː.t̬ɚ/,溫水,Could we have warm water for the kids?,可以給小孩溫水嗎？,My child needs warm water for medicine.,我的小孩吃藥需要溫水。,Food,easy,0,
42,ice,/aɪs/,冰塊,"No ice, please.",請不要加冰。,Can we have a cup of ice?,可以給我們一杯冰塊嗎？,Food,easy,0,
43,juice,/dʒuːs/,果汁,Do you have apple juice?,你們有蘋果汁嗎？,"One orange juice without ice, please.",請給我一杯柳橙汁，不加冰。,Food,easy,0,
44,dessert,/dɪˈzɝːt/,甜點,What desserts do you have?,你們有什麼甜點？,The kids would like ice cream for dessert.,小孩想吃冰淇淋當甜點。,Food,medium,0,
45,spoon,/spuːn/,湯匙,Could we have three spoons?,可以給我們三支湯匙嗎？,My child dropped the spoon.,我的小孩把湯匙掉了。,Food,easy,0,
46,fork,/fɔːrk/,叉子,My child needs a fork.,我的小孩需要叉子。,Could we have one more fork?,可以再給我們一支叉子嗎？,Food,easy,0,
47,bowl,/boʊl/,碗,Could we have small bowls?,可以給我們小碗嗎？,This bowl is for sharing soup.,這個碗是用來分湯的。,Food,easy,0,
48,takeaway,/ˈteɪk.ə.weɪ/,外帶,Can we get this takeaway?,這個可以外帶嗎？,Please pack the leftovers for takeaway.,請把剩下的食物打包外帶。,Food,medium,0,
49,bill,/bɪl/,帳單,"Could we have the bill, please?",可以買單嗎？,Is service charge included in the bill?,帳單有包含服務費嗎？,Food,easy,0,
50,receipt,/rɪˈsiːt/,收據,May I have a receipt?,可以給我收據嗎？,Could I have a receipt?,可以給我收據嗎？,Food,medium,0,
51,clothes,/kloʊðz/,衣服,We need to buy some clothes.,我們需要買一些衣服。,My child needs dry clothes.,我的小孩需要乾衣服。,Clothing / Shopping,easy,0,
52,shirt,/ʃɝːt/,襯衫；上衣,Do you have this shirt for kids?,這件上衣有兒童尺寸嗎？,This shirt is too thick for hot weather.,這件上衣對熱天來說太厚了。,Clothing / Shopping,easy,0,
53,T-shirt,/ˈtiː.ʃɝːt/,T恤,My child needs a clean T-shirt.,我的小孩需要一件乾淨的 T 恤。,Do you have this T-shirt in blue?,這件 T 恤有藍色嗎？,Clothing / Shopping,easy,0,
54,pants,/pænts/,長褲,Do you have light pants?,你們有薄長褲嗎？,These pants are too long for my child.,這件長褲對我的小孩來說太長了。,Clothing / Shopping,easy,0,
55,shorts,/ʃɔːrts/,短褲,We need shorts for hot weather.,我們需要適合熱天的短褲。,Do you sell quick-dry shorts?,你們有賣快乾短褲嗎？,Clothing / Shopping,easy,0,
56,dress,/dres/,洋裝,Do you have this dress in a smaller size?,這件洋裝有小一號嗎？,My daughter wants to try on this dress.,我女兒想試穿這件洋裝。,Clothing / Shopping,easy,0,
57,skirt,/skɝːt/,裙子,My daughter likes this skirt.,我女兒喜歡這件裙子。,Is this skirt available in children’s size?,這件裙子有兒童尺寸嗎？,Clothing / Shopping,easy,0,
58,jacket,/ˈdʒæk.ɪt/,外套,We need a light jacket.,我們需要一件薄外套。,Is this jacket good for rain?,這件外套適合下雨穿嗎？,Clothing / Shopping,easy,0,
59,raincoat,/ˈreɪn.koʊt/,雨衣,Do you sell raincoats for children?,你們有賣兒童雨衣嗎？,We need a raincoat before going to the zoo.,去動物園前我們需要一件雨衣。,Clothing / Shopping,medium,0,
60,poncho,/ˈpɑːn.tʃoʊ/,輕便雨衣,We need a poncho for each child.,每個小孩都需要一件輕便雨衣。,Do you have disposable ponchos?,你們有一次性輕便雨衣嗎？,Clothing / Shopping,medium,0,
61,umbrella,/ʌmˈbrel.ə/,雨傘,Do you sell umbrellas?,你們有賣雨傘嗎？,We need a small umbrella for the kids.,我們需要一把給小孩的小雨傘。,Clothing / Shopping,medium,0,
62,hat,/hæt/,帽子,My child needs a sun hat.,我的小孩需要遮陽帽。,Is this hat adjustable?,這頂帽子可以調整大小嗎？,Clothing / Shopping,easy,0,
63,cap,/kæp/,鴨舌帽,Do you have a cap for kids?,你們有兒童鴨舌帽嗎？,This cap protects my child from the sun.,這頂鴨舌帽可以幫我的小孩遮太陽。,Clothing / Shopping,easy,0,
64,sunglasses,/ˈsʌnˌɡlæs.ɪz/,太陽眼鏡,Do you have children’s sunglasses?,你們有兒童太陽眼鏡嗎？,These sunglasses are too loose.,這副太陽眼鏡太鬆了。,Clothing / Shopping,medium,0,
65,shoes,/ʃuːz/,鞋子,My child’s shoes are wet.,我的小孩鞋子濕了。,Do you have comfortable walking shoes?,你們有舒服的走路鞋嗎？,Clothing / Shopping,easy,0,
66,sandals,/ˈsæn.dəlz/,涼鞋,Do you have sandals for children?,你們有兒童涼鞋嗎？,These sandals are good for hot weather.,這雙涼鞋適合熱天。,Clothing / Shopping,medium,0,
67,sneakers,/ˈsniː.kɚz/,運動鞋,We need comfortable sneakers.,我們需要舒服的運動鞋。,Are these sneakers waterproof?,這雙運動鞋防水嗎？,Clothing / Shopping,medium,0,
68,socks,/sɑːks/,襪子,Do you sell socks?,你們有賣襪子嗎？,My child needs a clean pair of socks.,我的小孩需要一雙乾淨襪子。,Clothing / Shopping,easy,0,
69,underwear,/ˈʌn.dɚ.wer/,內衣褲,We need children’s underwear.,我們需要兒童內衣褲。,Where can I find underwear?,我在哪裡可以找到內衣褲？,Clothing / Shopping,medium,0,
70,swimsuit,/ˈswɪm.suːt/,泳衣,Do you sell swimsuits?,你們有賣泳衣嗎？,My child forgot his swimsuit.,我的小孩忘了帶泳衣。,Clothing / Shopping,medium,0,
71,towel,/ˈtaʊ.əl/,毛巾,We need a small towel.,我們需要一條小毛巾。,Could we have extra towels?,可以多給我們幾條毛巾嗎？,Clothing / Shopping,easy,0,
72,backpack,/ˈbæk.pæk/,背包,I am looking for a small backpack.,我在找一個小背包。,This backpack is light enough for my child.,這個背包夠輕，適合我的小孩。,Clothing / Shopping,medium,0,
73,bag,/bæɡ/,袋子；包包,Could I have a shopping bag?,可以給我購物袋嗎？,This bag is too heavy for my child.,這個袋子對我的小孩來說太重了。,Clothing / Shopping,easy,0,
74,size,/saɪz/,尺寸,What size is this?,這是什麼尺寸？,Do you have this in a larger size?,這個有大一號嗎？,Clothing / Shopping,easy,0,
75,small,/smɔːl/,小號；小的,Do you have a small size?,你們有小號嗎？,This small size fits my child.,這個小號適合我的小孩。,Clothing / Shopping,easy,0,
76,medium,/ˈmiː.di.əm/,中號；中等,I need a medium size.,我需要中號。,Medium is too big for my daughter.,中號對我女兒來說太大了。,Clothing / Shopping,easy,0,
77,large,/lɑːrdʒ/,大號；大的,This large size is too big.,這個大號太大了。,Do you have large in this color?,這個顏色有大號嗎？,Clothing / Shopping,easy,0,
78,extra small,/ˌek.strə ˈsmɔːl/,特小號,Do you have extra small?,你們有特小號嗎？,Extra small might fit my youngest child.,特小號可能適合我最小的小孩。,Clothing / Shopping,medium,0,
79,extra large,/ˌek.strə ˈlɑːrdʒ/,特大號,Do you have extra large?,你們有特大號嗎？,This extra large shirt is for me.,這件特大號上衣是給我的。,Clothing / Shopping,medium,0,
80,children’s size,/ˈtʃɪl.drənz saɪz/,兒童尺寸,Do you have children’s size?,你們有兒童尺寸嗎？,I need children’s size for three kids.,我需要三個小孩的兒童尺寸。,Clothing / Shopping,medium,0,
81,adult size,/əˈdʌlt saɪz/,成人尺寸,Is this adult size?,這是成人尺寸嗎？,Adult size is too large for my child.,成人尺寸對我的小孩來說太大了。,Clothing / Shopping,medium,0,
82,too big,/tuː bɪɡ/,太大,This is too big for my child.,這對我的小孩太大了。,Do you have one size smaller?,你們有小一號嗎？,Clothing / Shopping,easy,0,
83,too small,/tuː smɔːl/,太小,These shoes are too small.,這雙鞋太小了。,This shirt is too small for my son.,這件上衣對我兒子來說太小了。,Clothing / Shopping,easy,0,
84,fit,/fɪt/,合身；適合,Does it fit well?,這樣合身嗎？,These shoes do not fit my child.,這雙鞋不適合我的小孩。,Clothing / Shopping,easy,0,
85,loose,/luːs/,寬鬆的；鬆的,I prefer something loose.,我比較喜歡寬鬆一點。,This hat is too loose.,這頂帽子太鬆了。,Clothing / Shopping,medium,0,
86,tight,/taɪt/,緊的,These shoes are too tight.,這雙鞋太緊了。,The collar feels tight.,領口感覺太緊。,Clothing / Shopping,medium,0,
87,comfortable,/ˈkʌmf.tɚ.bəl/,舒服的,Are these shoes comfortable?,這雙鞋舒服嗎？,We need comfortable clothes for walking.,我們需要適合走路的舒服衣服。,Clothing / Shopping,medium,0,
88,waterproof,/ˈwɑː.t̬ɚ.pruːf/,防水的,Is this jacket waterproof?,這件外套防水嗎？,We need waterproof shoes for rainy weather.,雨天我們需要防水鞋。,Clothing / Shopping,medium,0,
89,quick-dry,/ˈkwɪk draɪ/,快乾的,Do you have quick-dry clothes?,你們有快乾衣物嗎？,Quick-dry shorts are useful in Singapore.,快乾短褲在新加坡很實用。,Clothing / Shopping,medium,0,
90,cotton,/ˈkɑː.tən/,棉；棉質,Is this T-shirt cotton?,這件 T 恤是棉的嗎？,Cotton clothes are comfortable for kids.,棉質衣服對小孩很舒服。,Clothing / Shopping,medium,0,
91,try on,/traɪ ɑːn/,試穿,Can my child try this on?,我的小孩可以試穿這個嗎？,I would like to try on these shoes.,我想試穿這雙鞋。,Clothing / Shopping,easy,0,
92,fitting room,/ˈfɪt̬.ɪŋ ruːm/,試衣間,Where is the fitting room?,試衣間在哪裡？,Is the fitting room available?,試衣間現在可以用嗎？,Clothing / Shopping,medium,0,
93,price,/praɪs/,價格,What is the price of this?,這個多少錢？,The price is higher than I expected.,價格比我預期高。,Clothing / Shopping,easy,0,
94,discount,/ˈdɪs.kaʊnt/,折扣,Is there any discount?,有折扣嗎？,Can I get a discount if I buy three?,如果我買三件可以有折扣嗎？,Clothing / Shopping,medium,0,
95,sale,/seɪl/,特價；折扣活動,Is this item on sale?,這個商品有特價嗎？,The store has a summer sale.,這家店有夏季特賣。,Clothing / Shopping,easy,0,
96,tax refund,/tæks ˈriː.fʌnd/,退稅,Can I get a tax refund?,我可以辦退稅嗎？,Where can I process the tax refund?,我在哪裡可以辦退稅？,Clothing / Shopping,medium,0,
97,exchange,/ɪksˈtʃeɪndʒ/,更換；交換,Can I exchange this if it does not fit?,如果不合身可以更換嗎？,I would like to exchange this for a smaller size.,我想把這個換成小一號。,Clothing / Shopping,medium,0,
98,refund,/ˈriː.fʌnd/,退款,Can I get a refund?,可以退款嗎？,What is your refund policy?,你們的退款規定是什麼？,Clothing / Shopping,medium,0,
99,cashier,/kæˈʃɪr/,收銀台；收銀員,Where is the cashier?,收銀台在哪裡？,Please pay at the cashier.,請到收銀台付款。,Clothing / Shopping,medium,0,
100,shopping mall,/ˈʃɑː.pɪŋ mɔːl/,購物中心,Is there a shopping mall nearby?,附近有購物中心嗎？,We can buy raincoats at the shopping mall.,我們可以在購物中心買雨衣。,Clothing / Shopping,easy,0,
101,hotel,/hoʊˈtel/,飯店；旅館,Our hotel is near the MRT station.,我們的飯店在 MRT 站附近。,Can you show me the way to this hotel?,你可以告訴我怎麼去這間飯店嗎？,Hotel / Accommodation,easy,0,
102,lobby,/ˈlɑː.bi/,大廳,We will wait in the lobby.,我們會在大廳等。,The hotel lobby is on the first floor.,飯店大廳在一樓。,Hotel / Accommodation,easy,0,
103,front desk,/ˌfrʌnt ˈdesk/,櫃台,I need to speak to the front desk.,我需要跟櫃台人員說話。,Please leave the key card at the front desk.,請把房卡留在櫃台。,Hotel / Accommodation,easy,0,
104,receptionist,/rɪˈsep.ʃən.ɪst/,接待人員,The receptionist helped us check in.,接待人員幫我們辦理入住。,Could you ask the receptionist about breakfast?,你可以問接待人員早餐的事嗎？,Hotel / Accommodation,hard,0,
105,reservation,/ˌrez.ɚˈveɪ.ʃən/,訂房；預約,I have a reservation under the name Chen.,我有用 Chen 這個名字訂房。,Could you check my reservation?,可以幫我查一下我的訂房嗎？,Hotel / Accommodation,medium,0,
106,booking,/ˈbʊk.ɪŋ/,預訂；訂房,I made a booking online.,我在網路上訂房。,The booking is for two adults and three children.,這筆訂房是兩位大人和三位小孩。,Hotel / Accommodation,medium,0,
107,confirmation,/ˌkɑːn.fɚˈmeɪ.ʃən/,確認資料；確認信,Here is my booking confirmation.,這是我的訂房確認資料。,I did not receive a confirmation email.,我沒有收到確認信。,Hotel / Accommodation,hard,0,
108,passport,/ˈpæs.pɔːrt/,護照,Here is my passport.,這是我的護照。,Do you need all five passports?,你們需要五本護照嗎？,Hotel / Accommodation,medium,0,
109,check-in,/ˈtʃek.ɪn/,入住；報到,We would like to check in.,我們想辦理入住。,What time does check-in start?,幾點可以開始入住？,Hotel / Accommodation,easy,0,
110,check-out,/ˈtʃek.aʊt/,退房,What time is check-out?,幾點退房？,We would like to check out now.,我們現在想辦理退房。,Hotel / Accommodation,easy,0,
111,early check-in,/ˈɝː.li ˈtʃek.ɪn/,提早入住,Is early check-in available?,可以提早入住嗎？,We arrived early and need early check-in.,我們提早到了，需要提早入住。,Hotel / Accommodation,medium,0,
112,late check-out,/leɪt ˈtʃek.aʊt/,延後退房,Can we have late check-out?,我們可以延後退房嗎？,Is there an extra charge for late check-out?,延後退房需要加收費用嗎？,Hotel / Accommodation,medium,0,
113,room,/ruːm/,房間,Is our room ready?,我們的房間準備好了嗎？,Our room is too small for five people.,我們的房間對五個人來說太小了。,Hotel / Accommodation,easy,0,
114,family room,/ˈfæm.əl.i ruːm/,家庭房,Do you have a family room?,你們有家庭房嗎？,We prefer a family room with two beds.,我們比較想要有兩張床的家庭房。,Hotel / Accommodation,medium,0,
115,connecting room,/kəˈnek.tɪŋ ruːm/,連通房,Can we book a connecting room for our family?,我們可以為家人預訂一間連通房嗎？,Connecting rooms are better for our family.,連通房對我們家比較方便。,Hotel / Accommodation,medium,0,
116,twin room,/twɪn ruːm/,雙床房,We need a twin room.,我們需要雙床房。,Does the twin room have two single beds?,雙床房有兩張單人床嗎？,Hotel / Accommodation,easy,0,
117,double room,/ˈdʌb.əl ruːm/,雙人房,We booked a double room.,我們訂了一間雙人房。,Is the double room suitable for two adults?,雙人房適合兩位大人嗎？,Hotel / Accommodation,easy,0,
118,extra bed,/ˈek.strə bed/,加床,Can we add an extra bed?,可以加床嗎？,How much is an extra bed per night?,加床一晚多少錢？,Hotel / Accommodation,medium,0,
119,crib,/krɪb/,嬰兒床,Do you have a crib?,你們有嬰兒床嗎？,We do not need a crib for our children.,我們的小孩不需要嬰兒床。,Hotel / Accommodation,medium,0,
120,key card,/ˈkiː kɑːrd/,房卡,My key card does not work.,我的房卡不能用。,Could you replace my key card?,可以幫我換一張房卡嗎？,Hotel / Accommodation,easy,0,
121,room number,/ruːm ˈnʌm.bɚ/,房號,What is our room number?,我們的房號是多少？,Please write down the room number.,請寫下房號。,Hotel / Accommodation,easy,0,
122,floor,/flɔːr/,樓層；地板,Which floor is our room on?,我們的房間在哪一樓？,The breakfast area is on the third floor.,早餐區在三樓。,Hotel / Accommodation,easy,0,
123,elevator,/ˈel.ə.veɪ.t̬ɚ/,電梯,Where is the elevator?,電梯在哪裡？,The elevator is too crowded for the stroller.,電梯太擠，不方便推車。,Hotel / Accommodation,medium,0,
124,stairs,/sterz/,樓梯,Where are the stairs?,樓梯在哪裡？,We cannot use the stairs with luggage.,我們帶行李不方便走樓梯。,Hotel / Accommodation,easy,0,
125,luggage,/ˈlʌɡ.ɪdʒ/,行李,Could we leave our luggage here?,可以寄放行李嗎？,Where can we collect our luggage?,我們在哪裡領行李？,Hotel / Accommodation,medium,0,
126,luggage storage,/ˈlʌɡ.ɪdʒ ˈstɔːr.ɪdʒ/,行李寄放,Do you have luggage storage?,你們有行李寄放服務嗎？,We need luggage storage after check-out.,退房後我們需要寄放行李。,Hotel / Accommodation,medium,0,
127,porter,/ˈpɔːr.t̬ɚ/,行李員,Could a porter help us with the luggage?,可以請行李員幫我們搬行李嗎？,The porter will bring your luggage to the room.,行李員會把你的行李送到房間。,Hotel / Accommodation,hard,0,
128,housekeeping,/ˈhaʊsˌkiː.pɪŋ/,房務,Could you send housekeeping to our room?,可以請房務到我們房間嗎？,Housekeeping forgot to replace the towels.,房務忘了更換毛巾。,Hotel / Accommodation,hard,0,
129,cleaning,/ˈkliː.nɪŋ/,清潔,Could you clean our room?,可以幫我們清潔房間嗎？,We do not need cleaning today.,我們今天不需要清潔。,Hotel / Accommodation,easy,0,
130,blanket,/ˈblæŋ.kɪt/,毯子,Could we have an extra blanket?,可以多給我們一條毯子嗎？,My child feels cold and needs a blanket.,我的小孩覺得冷，需要一條毯子。,Hotel / Accommodation,medium,0,
131,pillow,/ˈpɪl.oʊ/,枕頭,Could we have another pillow?,可以多給我們一個枕頭嗎？,This pillow is too high for my child.,這個枕頭對我的小孩來說太高了。,Hotel / Accommodation,easy,0,
132,toothbrush,/ˈtuːθ.brʌʃ/,牙刷,Could we have a toothbrush for each child?,可以給每個小孩一支牙刷嗎？,We need five toothbrushes.,我們需要五支牙刷。,Hotel / Accommodation,medium,0,
133,toothpaste,/ˈtuːθ.peɪst/,牙膏,Do you provide toothpaste?,你們有提供牙膏嗎？,We forgot to bring toothpaste.,我們忘了帶牙膏。,Hotel / Accommodation,medium,0,
134,shampoo,/ʃæmˈpuː/,洗髮精,We need more shampoo.,我們需要更多洗髮精。,Is the shampoo in the bathroom free?,浴室裡的洗髮精是免費的嗎？,Hotel / Accommodation,medium,0,
135,body wash,/ˈbɑː.di wɑːʃ/,沐浴乳,Could we have more body wash?,可以多給我們一些沐浴乳嗎？,The body wash bottle is empty.,沐浴乳瓶子空了。,Hotel / Accommodation,medium,0,
136,hair dryer,/ˈher ˌdraɪ.ɚ/,吹風機,Is there a hair dryer in the room?,房間裡有吹風機嗎？,The hair dryer is not working.,吹風機不能用。,Hotel / Accommodation,medium,0,
137,air conditioner,/ˈer kənˌdɪʃ.ən.ɚ/,冷氣；空調,The air conditioner is not working.,冷氣不能用。,Could you adjust the air conditioner?,可以幫我們調整冷氣嗎？,Hotel / Accommodation,medium,0,
138,hot water,/hɑːt ˈwɑː.t̬ɚ/,熱水,There is no hot water.,沒有熱水。,The hot water is not warm enough.,熱水不夠熱。,Hotel / Accommodation,easy,0,
139,shower,/ˈʃaʊ.ɚ/,淋浴；淋浴設備,The shower is leaking.,淋浴設備在漏水。,The shower water pressure is weak.,淋浴水壓很弱。,Hotel / Accommodation,medium,0,
140,toilet,/ˈtɔɪ.lət/,馬桶；廁所,The toilet is blocked.,馬桶堵住了。,Could you send someone to fix the toilet?,可以派人來修馬桶嗎？,Hotel / Accommodation,easy,0,
141,sink,/sɪŋk/,洗手台；水槽,The sink is clogged.,洗手台堵住了。,The sink is leaking under the counter.,洗手台下方在漏水。,Hotel / Accommodation,medium,0,
142,safe,/seɪf/,保險箱；安全的,Is there a safe in the room?,房間裡有保險箱嗎？,I cannot open the safe.,我打不開保險箱。,Hotel / Accommodation,medium,0,
143,Wi-Fi,/ˈwaɪ faɪ/,無線網路,What is the Wi-Fi password?,Wi-Fi 密碼是什麼？,The Wi-Fi is slow in our room.,我們房間的 Wi-Fi 很慢。,Hotel / Accommodation,easy,0,
144,password,/ˈpæs.wɝːd/,密碼,Could you write down the password?,可以幫我寫下密碼嗎？,The password does not work.,密碼不能用。,Hotel / Accommodation,medium,0,
145,charger,/ˈtʃɑːr.dʒɚ/,充電器,I forgot my charger.,我忘了帶充電器。,Do you have a phone charger I can borrow?,你們有手機充電器可以借嗎？,Hotel / Accommodation,medium,0,
146,adapter,/əˈdæp.tɚ/,轉接頭；轉接器,Do you have a travel adapter?,你們有旅行轉接頭嗎？,We need an adapter for Singapore outlets.,我們需要新加坡插座用的轉接頭。,Hotel / Accommodation,medium,0,
147,breakfast,/ˈbrek.fəst/,早餐,What time does breakfast start?,早餐幾點開始？,Is breakfast included in our booking?,我們的訂房有包含早餐嗎？,Hotel / Accommodation,easy,0,
148,shuttle bus,/ˈʃʌt̬.əl bʌs/,接駁車,Do you have a shuttle bus to the airport?,你們有到機場的接駁車嗎？,What time does the shuttle bus leave?,接駁車幾點出發？,Hotel / Accommodation,medium,0,
149,taxi,/ˈtæk.si/,計程車,Could you help us call a taxi?,可以幫我們叫計程車嗎？,Where is the taxi stand?,計程車招呼站在哪裡？,Hotel / Accommodation,easy,0,
150,airport,/ˈer.pɔːrt/,機場,We are going to the airport.,我們要去機場。,How long does it take to get to the airport?,到機場需要多久？,Transportation / Travel,easy,0,
151,terminal,/ˈtɝː.mə.nəl/,航廈；終點站,Which terminal is our flight in?,我們的航班在哪個航廈？,We need to go to Terminal 3.,我們需要去第三航廈。,Transportation / Travel,medium,0,
152,flight,/flaɪt/,航班；飛行,Our flight is at 2 p.m.,我們的航班是下午兩點。,Is our flight on time?,我們的航班準時嗎？,Transportation / Travel,easy,0,
153,airline,/ˈer.laɪn/,航空公司,Which airline are you flying with?,你們搭哪家航空公司？,Our airline allows online check-in.,我們的航空公司可以線上報到。,Transportation / Travel,medium,0,
154,check-in counter,/ˈtʃek.ɪn ˈkaʊn.t̬ɚ/,報到櫃台,Where is the check-in counter?,報到櫃台在哪裡？,The check-in counter is not open yet.,報到櫃台還沒開。,Transportation / Travel,medium,0,
155,boarding pass,/ˈbɔːr.dɪŋ pæs/,登機證,May I see your boarding pass?,可以看你的登機證嗎？,I lost my boarding pass.,我弄丟了登機證。,Transportation / Travel,medium,0,
156,gate,/ɡeɪt/,登機門；門口,Which gate should we go to?,我們要去幾號登機門？,The gate has changed.,登機門改了。,Transportation / Travel,easy,0,
157,boarding time,/ˈbɔːr.dɪŋ taɪm/,登機時間,What is the boarding time?,登機時間是幾點？,Please arrive before boarding time.,請在登機時間前抵達。,Transportation / Travel,medium,0,
158,departure,/dɪˈpɑːr.tʃɚ/,出發；出境,Where is the departure hall?,出境大廳在哪裡？,Our departure time is 2 p.m.,我們的出發時間是下午兩點。,Transportation / Travel,medium,0,
159,arrival,/əˈraɪ.vəl/,抵達；入境,Where is the arrival hall?,入境大廳在哪裡？,The arrival area is crowded.,入境區很擁擠。,Transportation / Travel,medium,0,
160,baggage claim,/ˈbæɡ.ɪdʒ kleɪm/,行李提領處,Where is the baggage claim area?,行李提領區在哪裡？,We are waiting at baggage claim.,我們正在行李提領處等待。,Transportation / Travel,medium,0,
161,stroller,/ˈstroʊ.lɚ/,嬰兒車；推車,Can we bring the stroller to the gate?,我們可以把推車推到登機門嗎？,Where can we rent a stroller?,哪裡可以租推車？,Transportation / Travel,medium,0,
162,security check,/sɪˈkjʊr.ə.t̬i tʃek/,安檢,Where is the security check?,安檢在哪裡？,We need to go through security check first.,我們需要先通過安檢。,Transportation / Travel,medium,0,
163,immigration,/ˌɪm.əˈɡreɪ.ʃən/,入境審查；移民局,We need to go through immigration.,我們需要通過入境審查。,Is this the line for immigration?,這是入境審查的隊伍嗎？,Transportation / Travel,hard,0,
164,passport control,/ˈpæs.pɔːrt kənˌtroʊl/,護照查驗,Where is passport control?,護照查驗在哪裡？,Please follow the signs to passport control.,請依照指示前往護照查驗。,Transportation / Travel,medium,0,
165,taxi stand,/ˈtæk.si stænd/,計程車招呼站,Please take us to this hotel.,請載我們到這間飯店。,The taxi stand is outside the terminal.,計程車招呼站在航廈外面。,Transportation / Travel,easy,0,
166,ride-hailing,/ˈraɪd ˌheɪ.lɪŋ/,叫車服務,Can we use a ride-hailing app here?,這裡可以用叫車 App 嗎？,Ride-hailing may be cheaper than a taxi.,叫車服務可能比計程車便宜。,Transportation / Travel,medium,0,
167,driver,/ˈdraɪ.vɚ/,司機,Could you tell the driver this address?,可以幫我跟司機說這個地址嗎？,The driver is waiting at the entrance.,司機正在入口等。,Transportation / Travel,easy,0,
168,address,/ˈæd.res/,地址,This is our hotel address.,這是我們飯店地址。,Could you write the address in English?,可以用英文寫下地址嗎？,Transportation / Travel,medium,0,
169,fare,/fer/,車資；票價,How much is the fare?,車資多少錢？,Is the child fare cheaper?,兒童票價比較便宜嗎？,Transportation / Travel,medium,0,
170,meter,/ˈmiː.t̬ɚ/,計程車跳表；儀表,Please use the meter.,請使用跳表。,Is the taxi meter running?,計程車跳表有啟動嗎？,Transportation / Travel,medium,0,
171,traffic,/ˈtræf.ɪk/,交通；車流,Is the traffic heavy now?,現在塞車嗎？,Traffic is lighter in the morning.,早上的交通比較順。,Transportation / Travel,medium,0,
172,traffic jam,/ˈtræf.ɪk dʒæm/,塞車,There is a traffic jam.,現在塞車。,We may be late because of a traffic jam.,我們可能因為塞車而遲到。,Transportation / Travel,medium,0,
173,MRT,/ˌem ɑːr ˈtiː/,捷運；地鐵,Which MRT line should we take?,我們要搭哪條 MRT？,Can we use a credit card on the MRT?,我們可以用信用卡搭 MRT 嗎？,Transportation / Travel,easy,0,
174,station,/ˈsteɪ.ʃən/,車站,Which station should we get off at?,我們要在哪一站下車？,The station is close to our hotel.,車站離我們飯店很近。,Transportation / Travel,easy,0,
175,line,/laɪn/,路線；排隊隊伍,Is this the correct line?,這是正確的路線嗎？,We need to change to the Downtown Line.,我們需要換到 Downtown Line。,Transportation / Travel,easy,0,
176,platform,/ˈplæt.fɔːrm/,月台；平台,Which platform should we go to?,我們要去哪個月台？,The train leaves from platform two.,這班車從二號月台出發。,Transportation / Travel,medium,0,
177,train,/treɪn/,電車；火車,Is this train going to Chinatown?,這班車有到牛車水嗎？,The next train arrives in three minutes.,下一班車三分鐘後到。,Transportation / Travel,easy,0,
178,public bus,/ˌpʌb.lɪk ˈbʌs/,公車；巴士,Is this the public bus to the zoo?,這是去動物園的公車嗎？,We need to take a public bus after the MRT.,我們搭完 MRT 後需要轉乘公車。,Transportation / Travel,easy,0,
179,bus stop,/ˈbʌs stɑːp/,公車站,Where is the nearest bus stop?,最近的公車站在哪裡？,The bus stop is across the street.,公車站在街道對面。,Transportation / Travel,easy,0,
180,transfer,/trænsˈfɝː/,轉車；轉乘,Where should we transfer?,我們要在哪裡轉車？,We need to transfer at Dhoby Ghaut.,我們需要在多美歌轉車。,Transportation / Travel,medium,0,
181,direction,/dɪˈrek.ʃən/,方向,Are we going in the right direction?,我們方向對嗎？,Please point us in the right direction.,請幫我們指出正確方向。,Transportation / Travel,medium,0,
182,map,/mæp/,地圖,Could you show me on the map?,可以在地圖上指給我看嗎？,I downloaded the map before the trip.,我出發前下載了地圖。,Transportation / Travel,easy,0,
183,route,/ruːt/,路線,What is the fastest route?,最快的路線是哪一條？,This route has fewer transfers.,這條路線轉乘比較少。,Transportation / Travel,medium,0,
184,ticket,/ˈtɪk.ɪt/,票；門票,I need a ticket for the show.,我需要一張表演門票。,Do children need tickets?,小孩需要買票嗎？,Transportation / Travel,easy,0,
185,ticket machine,/ˈtɪk.ɪt məˌʃiːn/,售票機,How do I use this ticket machine?,這台售票機怎麼使用？,The ticket machine accepts cards.,這台售票機可以刷卡。,Transportation / Travel,medium,0,
186,ticket counter,/ˈtɪk.ɪt ˈkaʊn.t̬ɚ/,售票櫃台,Where is the ticket counter?,售票櫃台在哪裡？,Please buy the zoo tickets at the ticket counter.,請在售票櫃台買動物園門票。,Transportation / Travel,medium,0,
187,one-way ticket,/ˌwʌn ˈweɪ ˈtɪk.ɪt/,單程票,I need five one-way tickets.,我需要五張單程票。,Is a one-way ticket enough for this route?,這條路線買單程票就夠了嗎？,Transportation / Travel,medium,0,
188,round-trip ticket,/ˌraʊnd ˈtrɪp ˈtɪk.ɪt/,來回票,Do you sell round-trip tickets?,你們有賣來回票嗎？,A round-trip ticket may be cheaper.,來回票可能比較便宜。,Transportation / Travel,medium,0,
189,entrance,/ˈen.trəns/,入口,Where is the entrance?,入口在哪裡？,The stroller entrance is on the left.,推車入口在左邊。,Transportation / Travel,easy,0,
190,exit,/ˈek.sɪt/,出口,Where is the exit?,出口在哪裡？,Please meet us near the exit.,請在出口附近跟我們會合。,Transportation / Travel,easy,0,
191,restroom,/ˈres.truːm/,廁所,Where is the nearest restroom?,最近的廁所在哪裡？,My child needs the restroom now.,我的小孩現在需要上廁所。,Transportation / Travel,easy,0,
192,lift,/lɪft/,電梯（英式）,Is there a lift nearby?,附近有電梯嗎？,We need an elevator because we have a stroller.,我們有推車，所以需要電梯。,Transportation / Travel,easy,0,
193,escalator,/ˈes.kə.leɪ.t̬ɚ/,手扶梯,Please hold the handrail on the escalator.,搭手扶梯請握扶手。,Where is the nearest escalator?,最近的手扶梯在哪裡？,Transportation / Travel,medium,0,
194,lost,/lɔːst/,迷路；遺失；走失,We are lost. Could you help us?,我們迷路了，可以幫忙嗎？,My child is lost. Please help me.,我的小孩走失了，請幫我。,Transportation / Travel,easy,0,
195,emergency,/ɪˈmɝː.dʒən.si/,緊急情況,This is an emergency.,這是緊急情況。,Where is the emergency exit?,緊急出口在哪裡？,Transportation / Travel,hard,0,
196,medical help,/ˈmed.ɪ.kəl help/,醫療協助,We need medical help for my child.,我的小孩需要醫療協助。,Where can we get medical help nearby?,附近哪裡可以取得醫療協助？,Transportation / Travel,medium,0,
